9249,action
1195,longinteger_object
644,colored_graph
1718,finite_field
421,longinteger_domain
523,homogeneous_polynomial_domain
2012,projective_space
506,grassmann
1289,orthogonal
965,matrix_group
708,vector_ge
1962,schreier
2186,sims
189,variety_object
803,surface_object
169,quartic_curve_object
1577,poset_classification
628,linear_algebra
1021,file_io
758,geometry_global
589,combinatorics_domain
2334,strong_generators
479,any_group
497,linear_group
425,schreier_vector
459,unipoly_domain
258,unipoly_object
223,projective_space_with_action
527,number_theory_domain
71,classification_step
10973,string
928,sorting
528,string_tools
